{"info":{"year":"2025","version":"1","description":"Exported from roboflow.com","contributor":"","url":"https://public.roboflow.com/object-detection/undefined","date_created":"2025-10-15T14:16:59+00:00"},"licenses":[{"id":1,"url":"https://creativecommons.org/licenses/by/4.0/","name":"CC BY 4.0"}],"categories":[{"id":0,"name":"Bubbles-IFQb","supercategory":"none"},{"id":1,"name":"taylor bubble","supercategory":"Bubbles-IFQb"}],"images":[{"id":0,"license":1,"file_name":"taylor-20_png.rf.4ad35e04ef91c42327823d4d42077ae9.jpg","height":640,"width":640,"date_captured":"2025-10-15T14:16:59+00:00","extra":{"name":"taylor-20.png"}},{"id":1,"license":1,"file_name":"taylor-10_png.rf.d1961cb689683123ff69229eef943422.jpg","height":640,"width":640,"date_captured":"2025-10-15T14:16:59+00:00","extra":{"name":"taylor-10.png"}},{"id":2,"license":1,"file_name":"taylor-6_png.rf.8e2da6559f2b140b344743011350188d.jpg","height":640,"width":640,"date_captured":"2025-10-15T14:16:59+00:00","extra":{"name":"taylor-6.png"}},{"id":3,"license":1,"file_name":"taylor-16_png.rf.044db1284422ce6289ae47a7aad9d88d.jpg","height":640,"width":640,"date_captured":"2025-10-15T14:16:59+00:00","extra":{"name":"taylor-16.png"}},{"id":4,"license":1,"file_name":"taylor-11_png.rf.55f250fffeb5a3e081bc6c594554a230.jpg","height":640,"width":640,"date_captured":"2025-10-15T14:16:59+00:00","extra":{"name":"taylor-11.png"}},{"id":5,"license":1,"file_name":"taylor-6_png.rf.5e280cedccd5719aea0b345811e7daab.jpg","height":640,"width":640,"date_captured":"2025-10-15T14:16:59+00:00","extra":{"name":"taylor-6.png"}},{"id":6,"license":1,"file_name":"taylor-4_png.rf.08d24559ca3638bb5365fff58c2893b6.jpg","height":640,"width":640,"date_captured":"2025-10-15T14:16:59+00:00","extra":{"name":"taylor-4.png"}},{"id":7,"license":1,"file_name":"taylor-4_png.rf.cc7110b37f06c5fd112640d3ad607b5f.jpg","height":640,"width":640,"date_captured":"2025-10-15T14:16:59+00:00","extra":{"name":"taylor-4.png"}},{"id":8,"license":1,"file_name":"taylor-15_png.rf.40d1ba71a356947322c4b7622a7b9f4e.jpg","height":640,"width":640,"date_captured":"2025-10-15T14:16:59+00:00","extra":{"name":"taylor-15.png"}},{"id":9,"license":1,"file_name":"taylor-10_png.rf.8f85b8641107b98f8ee712be268be06f.jpg","height":640,"width":640,"date_captured":"2025-10-15T14:16:59+00:00","extra":{"name":"taylor-10.png"}},{"id":10,"license":1,"file_name":"taylor-20_png.rf.fa5ddda42a23cd66c4d29611b5313276.jpg","height":640,"width":640,"date_captured":"2025-10-15T14:16:59+00:00","extra":{"name":"taylor-20.png"}},{"id":11,"license":1,"file_name":"taylor-15_png.rf.d9009f1d34f37358a0db56cd1159f0e8.jpg","height":640,"width":640,"date_captured":"2025-10-15T14:16:59+00:00","extra":{"name":"taylor-15.png"}},{"id":12,"license":1,"file_name":"tarlor-51_png.rf.175a1fb6fc36ee72fdf27e2ac031db66.jpg","height":640,"width":640,"date_captured":"2025-10-15T14:16:59+00:00","extra":{"name":"tarlor-51.png"}},{"id":13,"license":1,"file_name":"taylor-13_png.rf.6a0482847095e3ed2828914fbc232314.jpg","height":640,"width":640,"date_captured":"2025-10-15T14:16:59+00:00","extra":{"name":"taylor-13.png"}},{"id":14,"license":1,"file_name":"taylor-21_png.rf.09b932cd8215153a67cfe49be4f737b6.jpg","height":640,"width":640,"date_captured":"2025-10-15T14:16:59+00:00","extra":{"name":"taylor-21.png"}},{"id":15,"license":1,"file_name":"taylor-17_png.rf.67d711ff9141712176c99e733bc904f2.jpg","height":640,"width":640,"date_captured":"2025-10-15T14:16:59+00:00","extra":{"name":"taylor-17.png"}},{"id":16,"license":1,"file_name":"taylor-11_png.rf.52192f289da8ccd0483df463913f1b7e.jpg","height":640,"width":640,"date_captured":"2025-10-15T14:16:59+00:00","extra":{"name":"taylor-11.png"}},{"id":17,"license":1,"file_name":"taylor-8_png.rf.f7b4f971db0aaa2a10ee8b1447231e93.jpg","height":640,"width":640,"date_captured":"2025-10-15T14:16:59+00:00","extra":{"name":"taylor-8.png"}},{"id":18,"license":1,"file_name":"tarlor-51_png.rf.3056a0e6598a8a5f7557cb22f3e35d59.jpg","height":640,"width":640,"date_captured":"2025-10-15T14:16:59+00:00","extra":{"name":"tarlor-51.png"}},{"id":19,"license":1,"file_name":"taylor-13_png.rf.f4ccbacd707b40cbb3ba754f598b3fd5.jpg","height":640,"width":640,"date_captured":"2025-10-15T14:16:59+00:00","extra":{"name":"taylor-13.png"}},{"id":20,"license":1,"file_name":"taylor-17_png.rf.5d45c3fed57fbf20ca2b379a73e082e3.jpg","height":640,"width":640,"date_captured":"2025-10-15T14:16:59+00:00","extra":{"name":"taylor-17.png"}},{"id":21,"license":1,"file_name":"taylor-21_png.rf.e706d8ba1250f21a3099c2956cc6f827.jpg","height":640,"width":640,"date_captured":"2025-10-15T14:16:59+00:00","extra":{"name":"taylor-21.png"}},{"id":22,"license":1,"file_name":"taylor-10_png.rf.1cb98151ec935bfa1692b5291fce3dfe.jpg","height":640,"width":640,"date_captured":"2025-10-15T14:16:59+00:00","extra":{"name":"taylor-10.png"}},{"id":23,"license":1,"file_name":"taylor-8_png.rf.3e28fcea0017e6f21c1c9505ad3adae4.jpg","height":640,"width":640,"date_captured":"2025-10-15T14:16:59+00:00","extra":{"name":"taylor-8.png"}},{"id":24,"license":1,"file_name":"taylor-15_png.rf.b9d491e18d1add8729bed28070ee4bfa.jpg","height":640,"width":640,"date_captured":"2025-10-15T14:16:59+00:00","extra":{"name":"taylor-15.png"}},{"id":25,"license":1,"file_name":"taylor-14_png.rf.29029a4df01c826a89b8510ac6db5f84.jpg","height":640,"width":640,"date_captured":"2025-10-15T14:16:59+00:00","extra":{"name":"taylor-14.png"}},{"id":26,"license":1,"file_name":"taylor-16_png.rf.c6f8daf31590d0786d028574caff49e7.jpg","height":640,"width":640,"date_captured":"2025-10-15T14:16:59+00:00","extra":{"name":"taylor-16.png"}},{"id":27,"license":1,"file_name":"taylor-12_png.rf.e8f3732ff7888d48618c455d6c75c8d4.jpg","height":640,"width":640,"date_captured":"2025-10-15T14:16:59+00:00","extra":{"name":"taylor-12.png"}},{"id":28,"license":1,"file_name":"taylor-9_png.rf.1a305557c4b53e80c07a9e3bf29f5b70.jpg","height":640,"width":640,"date_captured":"2025-10-15T14:16:59+00:00","extra":{"name":"taylor-9.png"}},{"id":29,"license":1,"file_name":"taylor-20_png.rf.dad64272adf14216ab2ee506656c8a4f.jpg","height":640,"width":640,"date_captured":"2025-10-15T14:16:59+00:00","extra":{"name":"taylor-20.png"}},{"id":30,"license":1,"file_name":"taylor-6_png.rf.4544cef5928570524936f52f53a6bd31.jpg","height":640,"width":640,"date_captured":"2025-10-15T14:16:59+00:00","extra":{"name":"taylor-6.png"}},{"id":31,"license":1,"file_name":"taylor-14_png.rf.dee01f1547beba3862064119e16b639c.jpg","height":640,"width":640,"date_captured":"2025-10-15T14:16:59+00:00","extra":{"name":"taylor-14.png"}},{"id":32,"license":1,"file_name":"taylor-12_png.rf.c7c2faf549a4168d04410eb9a0524748.jpg","height":640,"width":640,"date_captured":"2025-10-15T14:16:59+00:00","extra":{"name":"taylor-12.png"}},{"id":33,"license":1,"file_name":"taylor-14_png.rf.3006dd7d0e14fcdfa2ad535e15c6cf49.jpg","height":640,"width":640,"date_captured":"2025-10-15T14:16:59+00:00","extra":{"name":"taylor-14.png"}},{"id":34,"license":1,"file_name":"taylor-11_png.rf.8ed51bd005db497a3854c8e6122fc6a9.jpg","height":640,"width":640,"date_captured":"2025-10-15T14:16:59+00:00","extra":{"name":"taylor-11.png"}},{"id":35,"license":1,"file_name":"taylor-13_png.rf.d90deca1885faccdbf3696a9664c655b.jpg","height":640,"width":640,"date_captured":"2025-10-15T14:16:59+00:00","extra":{"name":"taylor-13.png"}},{"id":36,"license":1,"file_name":"taylor-16_png.rf.674563f88b23c14062358f19ef2363b0.jpg","height":640,"width":640,"date_captured":"2025-10-15T14:16:59+00:00","extra":{"name":"taylor-16.png"}},{"id":37,"license":1,"file_name":"tarlor-51_png.rf.47e98a6bd4ab54cd7c70d6de69208c02.jpg","height":640,"width":640,"date_captured":"2025-10-15T14:16:59+00:00","extra":{"name":"tarlor-51.png"}},{"id":38,"license":1,"file_name":"taylor-9_png.rf.7bcdf85a6a0bfb4a2058d09e2781453b.jpg","height":640,"width":640,"date_captured":"2025-10-15T14:16:59+00:00","extra":{"name":"taylor-9.png"}},{"id":39,"license":1,"file_name":"taylor-9_png.rf.809ed2ff65f593bf2d5f7dd06a924130.jpg","height":640,"width":640,"date_captured":"2025-10-15T14:16:59+00:00","extra":{"name":"taylor-9.png"}},{"id":40,"license":1,"file_name":"taylor-12_png.rf.0872f4abf1b9906944f027edbc9fa725.jpg","height":640,"width":640,"date_captured":"2025-10-15T14:16:59+00:00","extra":{"name":"taylor-12.png"}},{"id":41,"license":1,"file_name":"taylor-8_png.rf.b81bb03ce468956bb32ebf62bd97eadf.jpg","height":640,"width":640,"date_captured":"2025-10-15T14:16:59+00:00","extra":{"name":"taylor-8.png"}},{"id":42,"license":1,"file_name":"taylor-17_png.rf.83eb24b47981eef6569d49a3350ab266.jpg","height":640,"width":640,"date_captured":"2025-10-15T14:16:59+00:00","extra":{"name":"taylor-17.png"}},{"id":43,"license":1,"file_name":"taylor-4_png.rf.efb3a498f20eb75f97680332f37cebeb.jpg","height":640,"width":640,"date_captured":"2025-10-15T14:16:59+00:00","extra":{"name":"taylor-4.png"}},{"id":44,"license":1,"file_name":"taylor-21_png.rf.8eab31d66d298ba2f54164ec75e089e9.jpg","height":640,"width":640,"date_captured":"2025-10-15T14:16:59+00:00","extra":{"name":"taylor-21.png"}}],"annotations":[{"id":1,"image_id":0,"category_id":1,"bbox":[18,296,148.837,56.744],"area":8445.646,"segmentation":[[17.674,319.07,21.395,338.605,32.558,348.837,43.721,352.558,126.512,351.628,150.698,346.977,163.721,333.953,166.512,319.07,163.721,310.698,155.349,300.465,143.256,295.814,98.605,295.814,97.674,295.814,39.07,296.744,28.837,300.465,22.326,306.047,17.674,319.07]],"iscrowd":0},{"id":2,"image_id":0,"category_id":1,"bbox":[239,293,149.767,56.744],"area":8498.432,"segmentation":[[241.86,308.837,239.07,320,240.93,332.093,252.093,345.116,262.326,349.767,364.651,348.837,380.465,338.605,388.837,322.791,383.256,305.116,376.744,298.605,364.651,293.023,360.93,293.023,318.14,295.814,257.674,294.884,251.163,297.674,241.86,308.837]],"iscrowd":0},{"id":3,"image_id":0,"category_id":1,"bbox":[460,290,147.907,58.605],"area":8668.037,"segmentation":[[460.465,318.14,465.116,333.953,485.581,348.837,583.256,347.907,600,339.535,608.372,330.233,608.372,306.047,592.558,292.093,496.744,291.163,495.814,290.233,481.86,291.163,470.698,297.674,463.256,306.977,460.465,318.14]],"iscrowd":0},{"id":4,"image_id":1,"category_id":1,"bbox":[368,293,190.736,72.388],"area":13806.964,"segmentation":[[558.42,334.363,557.271,317.127,542.334,298.743,528.546,292.998,398.707,292.998,376.876,304.488,367.684,330.916,381.472,353.896,401.005,363.088,527.397,365.386,551.526,350.449,558.42,334.363]],"iscrowd":0},{"id":5,"image_id":1,"category_id":1,"bbox":[92,291,186.14,71.239],"area":13260.389,"segmentation":[[275.763,342.406,278.061,314.829,265.422,297.594,256.23,292.998,126.391,290.7,109.156,295.296,97.666,305.637,91.921,326.32,104.56,351.598,126.391,360.79,249.336,361.939,265.422,353.896,275.763,342.406]],"iscrowd":0},{"id":6,"image_id":2,"category_id":1,"bbox":[441,298,162.909,72.145],"area":11753.15,"segmentation":[[601.6,350.255,603.927,321.164,592.291,304.873,581.818,299.055,468.945,297.891,449.164,309.527,441.018,332.8,449.164,353.745,475.927,368.873,572.509,370.036,587.636,364.218,601.6,350.255]],"iscrowd":0},{"id":7,"image_id":2,"category_id":1,"bbox":[200,292,164.073,75.636],"area":12409.865,"segmentation":[[360.727,346.764,364.218,320,352.582,302.545,333.964,293.236,232.727,292.073,207.127,306.036,200.145,320,200.145,335.127,216.436,358.4,233.891,365.382,324.655,367.709,347.927,359.564,360.727,346.764]],"iscrowd":0},{"id":8,"image_id":2,"category_id":1,"bbox":[1,287,122.182,75.636],"area":9241.388,"segmentation":[[123.345,328.145,122.182,315.345,109.382,297.891,93.091,289.745,1.164,287.418,1.164,361.891,89.6,363.055,117.527,344.436,123.345,328.145]],"iscrowd":0},{"id":9,"image_id":3,"category_id":1,"bbox":[46,269,209.885,84.249],"area":17682.65,"segmentation":[[255.704,286.744,217.275,269.007,63.557,274.919,47.298,285.266,45.82,332.564,63.557,353.256,215.797,353.256,240.924,344.388,254.226,331.085,255.704,286.744]],"iscrowd":0},{"id":10,"image_id":3,"category_id":1,"bbox":[396,265,220.231,82.771],"area":18228.816,"segmentation":[[582.356,347.344,607.483,331.085,616.351,310.393,611.917,285.266,601.57,273.441,580.878,264.573,453.764,266.051,416.813,271.963,396.12,285.266,396.12,332.564,404.988,334.042,407.945,344.388,412.379,339.954,416.813,344.388,582.356,347.344]],"iscrowd":0},{"id":11,"image_id":4,"category_id":1,"bbox":[16,300,151.654,58.182],"area":8823.52,"segmentation":[[163.1,343.368,167.869,330.015,162.146,311.893,145.931,301.401,42.921,300.447,25.753,307.124,17.168,320.477,16.215,334.784,21.937,347.183,28.614,353.86,43.875,358.629,144.024,356.721,163.1,343.368]],"iscrowd":0},{"id":12,"image_id":4,"category_id":1,"bbox":[243,299,158.331,59.136],"area":9362.993,"segmentation":[[401.55,330.969,401.55,320.477,395.827,309.031,375.797,298.539,267.064,300.447,249.896,308.077,243.219,320.477,243.219,333.83,248.942,344.322,268.972,357.675,371.028,356.721,389.151,349.091,401.55,330.969]],"iscrowd":0},{"id":13,"image_id":4,"category_id":1,"bbox":[474,296,155.469,60.089],"area":9342.069,"segmentation":[[619.97,345.276,629.508,329.061,624.739,307.124,616.155,298.539,603.756,295.678,494.069,297.586,478.808,307.124,474.993,316.662,474.039,330.015,477.854,339.553,485.484,348.137,507.422,355.768,603.756,352.906,619.97,345.276]],"iscrowd":0},{"id":14,"image_id":5,"category_id":1,"bbox":[36,298,162.909,72.145],"area":11753.15,"segmentation":[[164.073,368.873,190.836,353.745,198.982,332.8,190.836,309.527,171.055,297.891,58.182,299.055,47.709,304.873,36.073,321.164,38.4,350.255,52.364,364.218,67.491,370.036,164.073,368.873]],"iscrowd":0},{"id":15,"image_id":5,"category_id":1,"bbox":[276,292,164.073,75.636],"area":12409.865,"segmentation":[[406.109,365.382,423.564,358.4,439.855,335.127,439.855,320,432.873,306.036,407.273,292.073,306.036,293.236,287.418,302.545,275.782,320,279.273,346.764,292.073,359.564,315.345,367.709,406.109,365.382]],"iscrowd":0},{"id":16,"image_id":5,"category_id":1,"bbox":[517,287,122.182,75.636],"area":9241.388,"segmentation":[[638.836,361.891,638.836,287.418,546.909,289.745,530.618,297.891,517.818,315.345,516.655,328.145,522.473,344.436,550.4,363.055,638.836,361.891]],"iscrowd":0},{"id":17,"image_id":6,"category_id":1,"bbox":[0,322,74.05,58.182],"area":4308.34,"segmentation":[[0,379.945,47.603,378.182,59.063,373.774,70.523,364.077,74.05,355.262,74.05,342.039,70.523,334.986,66.116,329.697,48.485,321.763,0,321.763,0,379.945]],"iscrowd":0},{"id":18,"image_id":6,"category_id":1,"bbox":[132,323,126.061,53.774],"area":6778.796,"segmentation":[[230.964,375.537,246.832,368.485,255.647,357.906,258.292,348.209,254.766,333.223,240.661,322.645,151.625,322.645,143.691,325.289,133.113,338.512,132.231,355.262,135.758,363.196,155.152,376.419,230.964,375.537]],"iscrowd":0},{"id":19,"image_id":6,"category_id":1,"bbox":[318,321,123.416,52.011],"area":6418.991,"segmentation":[[340.275,372.893,417.851,372.011,433.719,363.196,441.653,350.854,438.127,330.579,424.022,320.882,338.512,321.763,328.815,325.289,328.815,329.697,318.237,339.394,318.237,355.262,323.526,355.262,327.934,365.84,340.275,372.893]],"iscrowd":0},{"id":20,"image_id":6,"category_id":1,"bbox":[512,322,111.956,43.196],"area":4836.002,"segmentation":[[621.488,353.499,624.132,342.039,621.488,333.223,617.08,332.342,613.554,326.171,598.567,321.763,560.661,322.645,551.846,327.052,521.873,328.815,518.347,325.289,512.176,335.868,513.058,356.143,528.044,364.959,605.62,364.077,621.488,353.499]],"iscrowd":0},{"id":21,"image_id":7,"category_id":1,"bbox":[566,322,74.05,58.182],"area":4308.34,"segmentation":[[640,321.763,591.515,321.763,573.884,329.697,569.477,334.986,565.95,342.039,565.95,355.262,569.477,364.077,580.937,373.774,592.397,378.182,640,379.945,640,321.763]],"iscrowd":0},{"id":22,"image_id":7,"category_id":1,"bbox":[382,323,126.061,53.774],"area":6778.796,"segmentation":[[507.769,355.262,506.887,338.512,496.309,325.289,488.375,322.645,399.339,322.645,385.234,333.223,381.708,348.209,384.353,357.906,393.168,368.485,409.036,375.537,484.848,376.419,504.242,363.196,507.769,355.262]],"iscrowd":0},{"id":23,"image_id":7,"category_id":1,"bbox":[198,321,123.416,52.011],"area":6418.991,"segmentation":[[321.763,355.262,321.763,339.394,311.185,329.697,311.185,325.289,301.488,321.763,215.978,320.882,201.873,330.579,198.347,350.854,206.281,363.196,222.149,372.011,299.725,372.893,312.066,365.84,316.474,355.262,321.763,355.262]],"iscrowd":0},{"id":24,"image_id":7,"category_id":1,"bbox":[16,322,111.956,43.196],"area":4836.002,"segmentation":[[126.942,356.143,127.824,335.868,121.653,325.289,118.127,328.815,88.154,327.052,79.339,322.645,41.433,321.763,26.446,326.171,22.92,332.342,18.512,333.223,15.868,342.039,18.512,353.499,34.38,364.077,111.956,364.959,126.942,356.143]],"iscrowd":0},{"id":25,"image_id":8,"category_id":1,"bbox":[0,293,93.405,52.757],"area":4927.766,"segmentation":[[0,345.946,63.135,345.946,79.568,340.757,89.946,331.243,93.405,320,91.676,307.892,76.973,293.189,6.054,293.189,0,296.649,0,345.946]],"iscrowd":0},{"id":26,"image_id":8,"category_id":1,"bbox":[166,289,147.892,56.216],"area":8313.923,"segmentation":[[288,343.351,300.973,339.027,309.622,331.243,313.946,321.73,310.486,301.838,302.703,294.054,285.405,288.865,268.973,291.459,183.351,290.595,172.973,298.378,166.919,307.892,166.054,320,171.243,332.973,191.135,345.081,288,343.351]],"iscrowd":0},{"id":27,"image_id":8,"category_id":1,"bbox":[387,287,142.703,56.216],"area":8022.206,"segmentation":[[413.405,343.351,504.216,341.622,518.919,335.568,530.162,318.27,526.703,300.108,520.649,293.189,507.676,287.135,407.351,288,398.703,292.324,388.324,305.297,387.459,320.865,390.919,327.784,402.162,339.027,413.405,343.351]],"iscrowd":0},{"id":28,"image_id":8,"category_id":1,"bbox":[605,285,34.595,56.216],"area":1944.777,"segmentation":[[639.135,340.757,639.135,284.541,618.378,288,605.405,302.703,604.541,318.27,609.73,328.649,621.838,338.162,639.135,340.757]],"iscrowd":0},{"id":29,"image_id":9,"category_id":1,"bbox":[82,293,190.736,72.388],"area":13806.964,"segmentation":[[238.995,363.088,258.528,353.896,272.316,330.916,263.124,304.488,241.293,292.998,111.454,292.998,97.666,298.743,82.729,317.127,81.58,334.363,88.474,350.449,112.603,365.386,238.995,363.088]],"iscrowd":0},{"id":30,"image_id":9,"category_id":1,"bbox":[362,291,186.14,71.239],"area":13260.389,"segmentation":[[513.609,360.79,535.44,351.598,548.079,326.32,542.334,305.637,530.844,295.296,513.609,290.7,383.77,292.998,374.578,297.594,361.939,314.829,364.237,342.406,374.578,353.896,390.664,361.939,513.609,360.79]],"iscrowd":0},{"id":31,"image_id":10,"category_id":1,"bbox":[473,296,148.837,56.744],"area":8445.646,"segmentation":[[600.93,296.744,542.326,295.814,541.395,295.814,496.744,295.814,484.651,300.465,476.279,310.698,473.488,319.07,476.279,333.953,489.302,346.977,513.488,351.628,596.279,352.558,607.442,348.837,618.605,338.605,622.326,319.07,617.674,306.047,611.163,300.465,600.93,296.744]],"iscrowd":0},{"id":32,"image_id":10,"category_id":1,"bbox":[251,293,149.767,56.744],"area":8498.432,"segmentation":[[321.86,295.814,279.07,293.023,275.349,293.023,263.256,298.605,256.744,305.116,251.163,322.791,259.535,338.605,275.349,348.837,377.674,349.767,387.907,345.116,399.07,332.093,400.93,320,398.14,308.837,388.837,297.674,382.326,294.884,321.86,295.814]],"iscrowd":0},{"id":33,"image_id":10,"category_id":1,"bbox":[32,290,147.907,58.605],"area":8668.037,"segmentation":[[158.14,291.163,144.186,290.233,143.256,291.163,47.442,292.093,31.628,306.047,31.628,330.233,40,339.535,56.744,347.907,154.419,348.837,174.884,333.953,179.535,318.14,176.744,306.977,169.302,297.674,158.14,291.163]],"iscrowd":0},{"id":34,"image_id":11,"category_id":1,"bbox":[0,293,93.405,52.757],"area":4927.766,"segmentation":[[0,345.946,63.135,345.946,79.568,340.757,89.946,331.243,93.405,320,91.676,307.892,76.973,293.189,6.054,293.189,0,296.649,0,345.946]],"iscrowd":0},{"id":35,"image_id":11,"category_id":1,"bbox":[166,289,147.892,56.216],"area":8313.923,"segmentation":[[309.622,331.243,313.946,321.73,310.486,301.838,302.703,294.054,285.405,288.865,268.973,291.459,183.351,290.595,172.973,298.378,166.919,307.892,166.054,320,171.243,332.973,191.135,345.081,288,343.351,300.973,339.027,309.622,331.243]],"iscrowd":0},{"id":36,"image_id":11,"category_id":1,"bbox":[387,287,142.703,56.216],"area":8022.206,"segmentation":[[518.919,335.568,530.162,318.27,526.703,300.108,520.649,293.189,507.676,287.135,407.351,288,398.703,292.324,388.324,305.297,387.459,320.865,390.919,327.784,402.162,339.027,413.405,343.351,504.216,341.622,518.919,335.568]],"iscrowd":0},{"id":37,"image_id":11,"category_id":1,"bbox":[605,285,34.595,56.216],"area":1944.777,"segmentation":[[618.378,288,605.405,302.703,604.541,318.27,609.73,328.649,621.838,338.162,639.135,340.757,639.135,284.541,618.378,288]],"iscrowd":0},{"id":38,"image_id":12,"category_id":1,"bbox":[54,308,138.378,51.027],"area":7061.037,"segmentation":[[170.378,357.189,185.946,347.676,192,334.703,191.135,323.459,184.216,313.946,170.378,307.892,68.324,309.622,58.811,317.405,54.486,326.054,53.622,336.432,57.946,345.946,76.108,358.919,170.378,357.189]],"iscrowd":0},{"id":39,"image_id":12,"category_id":1,"bbox":[259,305,138.378,51.892],"area":7180.716,"segmentation":[[282.811,357.189,371.027,356.324,385.73,349.405,396.973,331.243,391.784,315.676,377.081,305.297,273.297,307.892,263.784,315.676,258.595,326.054,259.459,337.297,268.973,351.135,282.811,357.189]],"iscrowd":0},{"id":40,"image_id":12,"category_id":1,"bbox":[463,302,138.378,52.757],"area":7300.394,"segmentation":[[486.919,354.595,577.73,353.73,595.027,343.351,601.081,331.243,596.757,313.946,588.108,306.162,574.27,301.838,483.459,303.568,474.811,307.027,463.568,321.73,462.703,330.378,467.027,341.622,476.541,351.135,486.919,354.595]],"iscrowd":0},{"id":41,"image_id":13,"category_id":1,"bbox":[49,304,139.588,55.309],"area":7720.449,"segmentation":[[74.623,359.067,165.926,356.433,180.85,347.654,188.752,330.974,180.85,312.538,162.414,303.759,71.989,304.636,58.82,310.782,50.041,323.951,49.163,335.364,53.553,345.898,61.454,353.8,74.623,359.067]],"iscrowd":0},{"id":42,"image_id":13,"category_id":1,"bbox":[258,303,141.344,53.553],"area":7569.385,"segmentation":[[282.689,356.433,378.381,354.678,389.794,348.532,399.451,333.608,399.451,322.195,393.306,310.782,374.87,302.881,278.299,304.636,268.642,308.148,259.863,320.439,258.107,333.608,261.619,342.387,271.276,352.922,282.689,356.433]],"iscrowd":0},{"id":43,"image_id":13,"category_id":1,"bbox":[469,301,142.222,52.675],"area":7491.541,"segmentation":[[587.325,352.922,604.883,343.265,611.029,332.73,611.029,319.561,606.639,311.66,591.715,301.125,485.487,302.881,473.196,311.66,468.807,320.439,470.562,338.875,480.219,349.41,491.632,353.8,587.325,352.922]],"iscrowd":0},{"id":44,"image_id":14,"category_id":1,"bbox":[38,283,138.057,49.371],"area":6816.078,"segmentation":[[172.8,301.714,174.629,298.057,171.886,292.571,155.429,283.429,61.257,284.343,46.629,290.743,39.314,298.057,38.4,313.6,48.457,328.229,59.429,332.8,155.429,332.8,173.714,318.171,176.457,309.029,172.8,301.714]],"iscrowd":0},{"id":45,"image_id":14,"category_id":1,"bbox":[251,283,142.629,53.943],"area":7693.793,"segmentation":[[394.057,319.086,394.057,298.971,386.743,288,377.6,283.429,275.2,282.514,266.971,283.429,256.914,291.657,252.343,299.886,251.429,312.686,260.571,327.314,277.943,335.543,373.943,336.457,387.657,328.229,394.057,319.086]],"iscrowd":0},{"id":46,"image_id":14,"category_id":1,"bbox":[469,286,142.629,51.2],"area":7302.583,"segmentation":[[611.657,322.743,611.657,302.629,591.543,289.829,488.229,286.171,474.514,296.229,469.029,310.857,480,330.971,496.457,337.371,587.886,337.371,597.029,335.543,611.657,322.743]],"iscrowd":0},{"id":47,"image_id":15,"category_id":1,"bbox":[165,261,327.492,124.147],"area":40657.156,"segmentation":[[492.308,355.318,492.308,295.385,466.622,263.278,207.625,261.137,171.237,286.823,164.816,329.632,184.08,363.88,233.311,383.144,449.498,385.284,477.324,372.441,492.308,355.318]],"iscrowd":0},{"id":48,"image_id":16,"category_id":1,"bbox":[16,300,151.654,58.182],"area":8823.52,"segmentation":[[43.875,358.629,144.024,356.721,163.1,343.368,167.869,330.015,162.146,311.893,145.931,301.401,42.921,300.447,25.753,307.124,17.168,320.477,16.215,334.784,21.937,347.183,28.614,353.86,43.875,358.629]],"iscrowd":0},{"id":49,"image_id":16,"category_id":1,"bbox":[243,299,158.331,59.136],"area":9362.993,"segmentation":[[371.028,356.721,389.151,349.091,401.55,330.969,401.55,320.477,395.827,309.031,375.797,298.539,267.064,300.447,249.896,308.077,243.219,320.477,243.219,333.83,248.942,344.322,268.972,357.675,371.028,356.721]],"iscrowd":0},{"id":50,"image_id":16,"category_id":1,"bbox":[474,296,155.469,60.089],"area":9342.069,"segmentation":[[507.422,355.768,603.756,352.906,619.97,345.276,629.508,329.061,624.739,307.124,616.155,298.539,603.756,295.678,494.069,297.586,478.808,307.124,474.993,316.662,474.039,330.015,477.854,339.553,485.484,348.137,507.422,355.768]],"iscrowd":0},{"id":51,"image_id":17,"category_id":1,"bbox":[72,321,131.901,56.662],"area":7473.769,"segmentation":[[197.852,365.98,203.425,352.975,203.425,341.829,198.781,332.54,180.203,321.393,92.888,322.322,80.813,327.896,72.453,340.9,71.524,353.904,75.239,364.122,84.528,373.411,100.319,378.055,181.132,376.197,197.852,365.98]],"iscrowd":0},{"id":52,"image_id":17,"category_id":1,"bbox":[266,320,130.044,50.16],"area":6522.939,"segmentation":[[395.704,352.046,392.917,333.469,383.628,323.251,374.34,320.464,283.309,322.322,268.447,333.469,265.66,338.113,268.447,360.406,291.669,370.624,365.98,368.766,381.771,363.193,395.704,352.046]],"iscrowd":0},{"id":53,"image_id":17,"category_id":1,"bbox":[457,315,132.83,59.448],"area":7896.552,"segmentation":[[583.338,360.406,589.84,343.687,583.338,325.109,565.689,314.891,475.588,317.678,468.157,321.393,457.939,335.327,457.01,347.402,460.726,358.549,470.943,368.766,484.877,374.34,566.618,371.553,583.338,360.406]],"iscrowd":0},{"id":54,"image_id":18,"category_id":1,"bbox":[448,308,138.378,51.027],"area":7061.037,"segmentation":[[586.378,336.432,585.514,326.054,581.189,317.405,571.676,309.622,469.622,307.892,455.784,313.946,448.865,323.459,448,334.703,454.054,347.676,469.622,357.189,563.892,358.919,582.054,345.946,586.378,336.432]],"iscrowd":0},{"id":55,"image_id":18,"category_id":1,"bbox":[243,305,138.378,51.892],"area":7180.716,"segmentation":[[381.405,326.054,376.216,315.676,366.703,307.892,262.919,305.297,248.216,315.676,243.027,331.243,254.27,349.405,268.973,356.324,357.189,357.189,371.027,351.135,380.541,337.297,381.405,326.054]],"iscrowd":0},{"id":56,"image_id":18,"category_id":1,"bbox":[39,302,138.378,52.757],"area":7300.394,"segmentation":[[177.297,330.378,176.432,321.73,165.189,307.027,156.541,303.568,65.73,301.838,51.892,306.162,43.243,313.946,38.919,331.243,44.973,343.351,62.27,353.73,153.081,354.595,163.459,351.135,172.973,341.622,177.297,330.378]],"iscrowd":0},{"id":57,"image_id":19,"category_id":1,"bbox":[451,304,139.588,55.309],"area":7720.449,"segmentation":[[590.837,335.364,589.959,323.951,581.18,310.782,568.011,304.636,477.586,303.759,459.15,312.538,451.248,330.974,459.15,347.654,474.074,356.433,565.377,359.067,578.546,353.8,586.447,345.898,590.837,335.364]],"iscrowd":0},{"id":58,"image_id":19,"category_id":1,"bbox":[241,303,141.344,53.553],"area":7569.385,"segmentation":[[381.893,333.608,380.137,320.439,371.358,308.148,361.701,304.636,265.13,302.881,246.694,310.782,240.549,322.195,240.549,333.608,250.206,348.532,261.619,354.678,357.311,356.433,368.724,352.922,378.381,342.387,381.893,333.608]],"iscrowd":0},{"id":59,"image_id":19,"category_id":1,"bbox":[29,301,142.222,52.675],"area":7491.541,"segmentation":[[169.438,338.875,171.193,320.439,166.804,311.66,154.513,302.881,48.285,301.125,33.361,311.66,28.971,319.561,28.971,332.73,35.117,343.265,52.675,352.922,148.368,353.8,159.781,349.41,169.438,338.875]],"iscrowd":0},{"id":60,"image_id":20,"category_id":1,"bbox":[148,261,327.492,124.147],"area":40657.156,"segmentation":[[406.689,383.144,455.92,363.88,475.184,329.632,468.763,286.823,432.375,261.137,173.378,263.278,147.692,295.385,147.692,355.318,162.676,372.441,190.502,385.284,406.689,383.144]],"iscrowd":0},{"id":61,"image_id":21,"category_id":1,"bbox":[464,283,138.057,49.371],"area":6816.078,"segmentation":[[484.571,332.8,580.571,332.8,591.543,328.229,601.6,313.6,600.686,298.057,593.371,290.743,578.743,284.343,484.571,283.429,468.114,292.571,465.371,298.057,467.2,301.714,463.543,309.029,466.286,318.171,484.571,332.8]],"iscrowd":0},{"id":62,"image_id":21,"category_id":1,"bbox":[246,283,142.629,53.943],"area":7693.793,"segmentation":[[362.057,335.543,379.429,327.314,388.571,312.686,387.657,299.886,383.086,291.657,373.029,283.429,364.8,282.514,262.4,283.429,253.257,288,245.943,298.971,245.943,319.086,252.343,328.229,266.057,336.457,362.057,335.543]],"iscrowd":0},{"id":63,"image_id":21,"category_id":1,"bbox":[28,286,142.629,51.2],"area":7302.583,"segmentation":[[143.543,337.371,160,330.971,170.971,310.857,165.486,296.229,151.771,286.171,48.457,289.829,28.343,302.629,28.343,322.743,42.971,335.543,52.114,337.371,143.543,337.371]],"iscrowd":0},{"id":64,"image_id":22,"category_id":1,"bbox":[82,293,190.736,72.388],"area":13806.964,"segmentation":[[272.316,330.916,263.124,304.488,241.293,292.998,111.454,292.998,97.666,298.743,82.729,317.127,81.58,334.363,88.474,350.449,112.603,365.386,238.995,363.088,258.528,353.896,272.316,330.916]],"iscrowd":0},{"id":65,"image_id":22,"category_id":1,"bbox":[362,291,186.14,71.239],"area":13260.389,"segmentation":[[548.079,326.32,542.334,305.637,530.844,295.296,513.609,290.7,383.77,292.998,374.578,297.594,361.939,314.829,364.237,342.406,374.578,353.896,390.664,361.939,513.609,360.79,535.44,351.598,548.079,326.32]],"iscrowd":0},{"id":66,"image_id":23,"category_id":1,"bbox":[437,321,131.901,56.662],"area":7473.769,"segmentation":[[568.476,353.904,567.547,340.9,559.187,327.896,547.112,322.322,459.797,321.393,441.219,332.54,436.575,341.829,436.575,352.975,442.148,365.98,458.868,376.197,539.681,378.055,555.472,373.411,564.761,364.122,568.476,353.904]],"iscrowd":0},{"id":67,"image_id":23,"category_id":1,"bbox":[244,320,130.044,50.16],"area":6522.939,"segmentation":[[374.34,338.113,371.553,333.469,356.691,322.322,265.66,320.464,256.372,323.251,247.083,333.469,244.296,352.046,258.229,363.193,274.02,368.766,348.331,370.624,371.553,360.406,374.34,338.113]],"iscrowd":0},{"id":68,"image_id":23,"category_id":1,"bbox":[50,315,132.83,59.448],"area":7896.552,"segmentation":[[182.99,347.402,182.061,335.327,171.843,321.393,164.412,317.678,74.311,314.891,56.662,325.109,50.16,343.687,56.662,360.406,73.382,371.553,155.123,374.34,169.057,368.766,179.274,358.549,182.99,347.402]],"iscrowd":0},{"id":69,"image_id":24,"category_id":1,"bbox":[547,293,93.405,52.757],"area":4927.766,"segmentation":[[640,296.649,633.946,293.189,563.027,293.189,548.324,307.892,546.595,320,550.054,331.243,560.432,340.757,576.865,345.946,640,345.946,640,296.649]],"iscrowd":0},{"id":70,"image_id":24,"category_id":1,"bbox":[326,289,147.892,56.216],"area":8313.923,"segmentation":[[473.946,320,473.081,307.892,467.027,298.378,456.649,290.595,371.027,291.459,354.595,288.865,337.297,294.054,329.514,301.838,326.054,321.73,330.378,331.243,339.027,339.027,352,343.351,448.865,345.081,468.757,332.973,473.946,320]],"iscrowd":0},{"id":71,"image_id":24,"category_id":1,"bbox":[110,287,142.703,56.216],"area":8022.206,"segmentation":[[252.541,320.865,251.676,305.297,241.297,292.324,232.649,288,132.324,287.135,119.351,293.189,113.297,300.108,109.838,318.27,121.081,335.568,135.784,341.622,226.595,343.351,237.838,339.027,249.081,327.784,252.541,320.865]],"iscrowd":0},{"id":72,"image_id":24,"category_id":1,"bbox":[1,285,34.595,56.216],"area":1944.777,"segmentation":[[35.459,318.27,34.595,302.703,21.622,288,0.865,284.541,0.865,340.757,18.162,338.162,30.27,328.649,35.459,318.27]],"iscrowd":0},{"id":73,"image_id":25,"category_id":1,"bbox":[483,302,143.027,51.598],"area":7379.944,"segmentation":[[626.421,327.694,624.611,318.642,611.938,303.253,504.215,302.348,491.542,308.685,483.395,326.789,491.542,343.083,506.931,352.136,603.791,353.946,611.938,351.231,622.801,340.368,626.421,327.694]],"iscrowd":0},{"id":74,"image_id":25,"category_id":1,"bbox":[265,299,145.743,53.409],"area":7783.932,"segmentation":[[410.976,328.6,410.071,317.737,399.208,303.253,391.966,300.537,286.959,298.727,270.665,308.685,265.233,324.074,269.76,338.557,287.864,350.325,387.44,352.136,397.397,348.515,407.355,338.557,410.976,328.6]],"iscrowd":0},{"id":75,"image_id":25,"category_id":1,"bbox":[47,296,147.553,55.219],"area":8147.766,"segmentation":[[194.625,329.505,194.625,315.926,191.004,307.779,177.426,297.822,67.893,296.011,50.693,307.779,47.072,324.074,49.788,334.031,67.893,348.515,160.226,351.231,179.236,347.61,190.099,338.557,194.625,329.505]],"iscrowd":0},{"id":76,"image_id":26,"category_id":1,"bbox":[384,269,209.885,84.249],"area":17682.65,"segmentation":[[594.18,332.564,592.702,285.266,576.443,274.919,422.725,269.007,384.296,286.744,385.774,331.085,399.076,344.388,424.203,353.256,576.443,353.256,594.18,332.564]],"iscrowd":0},{"id":77,"image_id":26,"category_id":1,"bbox":[24,265,220.231,82.771],"area":18228.816,"segmentation":[[243.88,332.564,243.88,285.266,223.187,271.963,186.236,266.051,59.122,264.573,38.43,273.441,28.083,285.266,23.649,310.393,32.517,331.085,57.644,347.344,223.187,344.388,227.621,339.954,232.055,344.388,235.012,334.042,243.88,332.564]],"iscrowd":0},{"id":78,"image_id":27,"category_id":1,"bbox":[29,301,153.791,59.224],"area":9108.103,"segmentation":[[56.358,360.119,151.881,359.164,171.94,351.522,182.448,334.328,182.448,322.866,177.672,312.358,169.075,304.716,154.746,300.896,57.313,300.896,40.119,306.627,30.567,319.045,28.657,336.239,33.433,345.791,40.119,353.433,56.358,360.119]],"iscrowd":0},{"id":79,"image_id":27,"category_id":1,"bbox":[258,301,152.836,56.358],"area":8613.553,"segmentation":[[287.522,357.254,382.09,356.299,399.284,348.657,410.746,331.463,405.97,312.358,392.597,300.896,277.97,301.851,269.373,305.672,260.776,318.09,257.91,325.731,263.642,342.925,273.194,353.433,287.522,357.254]],"iscrowd":0},{"id":80,"image_id":27,"category_id":1,"bbox":[486,296,152.836,60.179],"area":9197.523,"segmentation":[[614.209,354.388,628.537,348.657,639.045,335.284,639.045,311.403,625.672,298.985,613.254,296.119,507.224,298.03,492.896,305.672,486.209,317.134,486.209,333.373,493.851,345.791,517.731,356.299,614.209,354.388]],"iscrowd":0},{"id":81,"image_id":28,"category_id":1,"bbox":[13,325,151.604,59.49],"area":9018.972,"segmentation":[[137.211,382.849,155.442,374.213,165.037,355.982,161.199,339.67,142.969,326.237,43.178,325.277,24.948,331.034,13.433,349.265,17.271,371.334,26.867,379.97,43.178,384.768,137.211,382.849]],"iscrowd":0},{"id":82,"image_id":28,"category_id":1,"bbox":[241,322,152.564,59.49],"area":9076.054,"segmentation":[[267.706,381.889,369.415,379.97,386.687,369.415,393.403,354.063,393.403,345.427,386.687,332.954,368.456,322.399,262.909,324.318,249.475,331.994,241.799,343.508,240.84,357.901,246.597,370.375,255.232,378.051,267.706,381.889]],"iscrowd":0},{"id":83,"image_id":28,"category_id":1,"bbox":[470,321,159.28,58.531],"area":9322.796,"segmentation":[[600.66,379.01,616.012,373.253,629.445,353.103,628.486,342.549,620.81,329.115,603.538,321.439,488.396,323.358,479.76,328.156,472.084,338.711,470.165,355.982,475.922,368.456,496.072,379.97,600.66,379.01]],"iscrowd":0},{"id":84,"image_id":29,"category_id":1,"bbox":[473,296,148.837,56.744],"area":8445.646,"segmentation":[[600.93,296.744,542.326,295.814,541.395,295.814,496.744,295.814,484.651,300.465,476.279,310.698,473.488,319.07,476.279,333.953,489.302,346.977,513.488,351.628,596.279,352.558,607.442,348.837,618.605,338.605,622.326,319.07,617.674,306.047,611.163,300.465,600.93,296.744]],"iscrowd":0},{"id":85,"image_id":29,"category_id":1,"bbox":[251,293,149.767,56.744],"area":8498.432,"segmentation":[[321.86,295.814,279.07,293.023,275.349,293.023,263.256,298.605,256.744,305.116,251.163,322.791,259.535,338.605,275.349,348.837,377.674,349.767,387.907,345.116,399.07,332.093,400.93,320,398.14,308.837,388.837,297.674,382.326,294.884,321.86,295.814]],"iscrowd":0},{"id":86,"image_id":29,"category_id":1,"bbox":[32,290,147.907,58.605],"area":8668.037,"segmentation":[[158.14,291.163,144.186,290.233,143.256,291.163,47.442,292.093,31.628,306.047,31.628,330.233,40,339.535,56.744,347.907,154.419,348.837,174.884,333.953,179.535,318.14,176.744,306.977,169.302,297.674,158.14,291.163]],"iscrowd":0},{"id":87,"image_id":30,"category_id":1,"bbox":[441,298,162.909,72.145],"area":11753.15,"segmentation":[[601.6,350.255,603.927,321.164,592.291,304.873,581.818,299.055,468.945,297.891,449.164,309.527,441.018,332.8,449.164,353.745,475.927,368.873,572.509,370.036,587.636,364.218,601.6,350.255]],"iscrowd":0},{"id":88,"image_id":30,"category_id":1,"bbox":[200,292,164.073,75.636],"area":12409.865,"segmentation":[[360.727,346.764,364.218,320,352.582,302.545,333.964,293.236,232.727,292.073,207.127,306.036,200.145,320,200.145,335.127,216.436,358.4,233.891,365.382,324.655,367.709,347.927,359.564,360.727,346.764]],"iscrowd":0},{"id":89,"image_id":30,"category_id":1,"bbox":[1,287,122.182,75.636],"area":9241.388,"segmentation":[[123.345,328.145,122.182,315.345,109.382,297.891,93.091,289.745,1.164,287.418,1.164,361.891,89.6,363.055,117.527,344.436,123.345,328.145]],"iscrowd":0},{"id":90,"image_id":31,"category_id":1,"bbox":[14,302,143.027,51.598],"area":7379.944,"segmentation":[[148.458,343.083,156.605,326.789,148.458,308.685,135.785,302.348,28.062,303.253,15.389,318.642,13.579,327.694,17.199,340.368,28.062,351.231,36.209,353.946,133.069,352.136,148.458,343.083]],"iscrowd":0},{"id":91,"image_id":31,"category_id":1,"bbox":[229,299,145.743,53.409],"area":7783.932,"segmentation":[[370.24,338.557,374.767,324.074,369.335,308.685,353.041,298.727,248.034,300.537,240.792,303.253,229.929,317.737,229.024,328.6,232.645,338.557,242.603,348.515,252.56,352.136,352.136,350.325,370.24,338.557]],"iscrowd":0},{"id":92,"image_id":31,"category_id":1,"bbox":[445,296,147.553,55.219],"area":8147.766,"segmentation":[[590.212,334.031,592.928,324.074,589.307,307.779,572.107,296.011,462.574,297.822,448.996,307.779,445.375,315.926,445.375,329.505,449.901,338.557,460.764,347.61,479.774,351.231,572.107,348.515,590.212,334.031]],"iscrowd":0},{"id":93,"image_id":32,"category_id":1,"bbox":[458,301,153.791,59.224],"area":9108.103,"segmentation":[[611.343,336.239,609.433,319.045,599.881,306.627,582.687,300.896,485.254,300.896,470.925,304.716,462.328,312.358,457.552,322.866,457.552,334.328,468.06,351.522,488.119,359.164,583.642,360.119,599.881,353.433,606.567,345.791,611.343,336.239]],"iscrowd":0},{"id":94,"image_id":32,"category_id":1,"bbox":[229,301,152.836,56.358],"area":8613.553,"segmentation":[[382.09,325.731,379.224,318.09,370.627,305.672,362.03,301.851,247.403,300.896,234.03,312.358,229.254,331.463,240.716,348.657,257.91,356.299,352.478,357.254,366.806,353.433,376.358,342.925,382.09,325.731]],"iscrowd":0},{"id":95,"image_id":32,"category_id":1,"bbox":[1,296,152.836,60.179],"area":9197.523,"segmentation":[[153.791,333.373,153.791,317.134,147.104,305.672,132.776,298.03,26.746,296.119,14.328,298.985,0.955,311.403,0.955,335.284,11.463,348.657,25.791,354.388,122.269,356.299,146.149,345.791,153.791,333.373]],"iscrowd":0},{"id":96,"image_id":33,"category_id":1,"bbox":[14,302,143.027,51.598],"area":7379.944,"segmentation":[[36.209,353.946,133.069,352.136,148.458,343.083,156.605,326.789,148.458,308.685,135.785,302.348,28.062,303.253,15.389,318.642,13.579,327.694,17.199,340.368,28.062,351.231,36.209,353.946]],"iscrowd":0},{"id":97,"image_id":33,"category_id":1,"bbox":[229,299,145.743,53.409],"area":7783.932,"segmentation":[[252.56,352.136,352.136,350.325,370.24,338.557,374.767,324.074,369.335,308.685,353.041,298.727,248.034,300.537,240.792,303.253,229.929,317.737,229.024,328.6,232.645,338.557,242.603,348.515,252.56,352.136]],"iscrowd":0},{"id":98,"image_id":33,"category_id":1,"bbox":[445,296,147.553,55.219],"area":8147.766,"segmentation":[[479.774,351.231,572.107,348.515,590.212,334.031,592.928,324.074,589.307,307.779,572.107,296.011,462.574,297.822,448.996,307.779,445.375,315.926,445.375,329.505,449.901,338.557,460.764,347.61,479.774,351.231]],"iscrowd":0},{"id":99,"image_id":34,"category_id":1,"bbox":[16,300,151.654,58.182],"area":8823.52,"segmentation":[[163.1,343.368,167.869,330.015,162.146,311.893,145.931,301.401,42.921,300.447,25.753,307.124,17.168,320.477,16.215,334.784,21.937,347.183,28.614,353.86,43.875,358.629,144.024,356.721,163.1,343.368]],"iscrowd":0},{"id":100,"image_id":34,"category_id":1,"bbox":[243,299,158.331,59.136],"area":9362.993,"segmentation":[[401.55,330.969,401.55,320.477,395.827,309.031,375.797,298.539,267.064,300.447,249.896,308.077,243.219,320.477,243.219,333.83,248.942,344.322,268.972,357.675,371.028,356.721,389.151,349.091,401.55,330.969]],"iscrowd":0},{"id":101,"image_id":34,"category_id":1,"bbox":[474,296,155.469,60.089],"area":9342.069,"segmentation":[[619.97,345.276,629.508,329.061,624.739,307.124,616.155,298.539,603.756,295.678,494.069,297.586,478.808,307.124,474.993,316.662,474.039,330.015,477.854,339.553,485.484,348.137,507.422,355.768,603.756,352.906,619.97,345.276]],"iscrowd":0},{"id":102,"image_id":35,"category_id":1,"bbox":[451,304,139.588,55.309],"area":7720.449,"segmentation":[[590.837,335.364,589.959,323.951,581.18,310.782,568.011,304.636,477.586,303.759,459.15,312.538,451.248,330.974,459.15,347.654,474.074,356.433,565.377,359.067,578.546,353.8,586.447,345.898,590.837,335.364]],"iscrowd":0},{"id":103,"image_id":35,"category_id":1,"bbox":[241,303,141.344,53.553],"area":7569.385,"segmentation":[[381.893,333.608,380.137,320.439,371.358,308.148,361.701,304.636,265.13,302.881,246.694,310.782,240.549,322.195,240.549,333.608,250.206,348.532,261.619,354.678,357.311,356.433,368.724,352.922,378.381,342.387,381.893,333.608]],"iscrowd":0},{"id":104,"image_id":35,"category_id":1,"bbox":[29,301,142.222,52.675],"area":7491.541,"segmentation":[[169.438,338.875,171.193,320.439,166.804,311.66,154.513,302.881,48.285,301.125,33.361,311.66,28.971,319.561,28.971,332.73,35.117,343.265,52.675,352.922,148.368,353.8,159.781,349.41,169.438,338.875]],"iscrowd":0},{"id":105,"image_id":36,"category_id":1,"bbox":[46,269,209.885,84.249],"area":17682.65,"segmentation":[[240.924,344.388,254.226,331.085,255.704,286.744,217.275,269.007,63.557,274.919,47.298,285.266,45.82,332.564,63.557,353.256,215.797,353.256,240.924,344.388]],"iscrowd":0},{"id":106,"image_id":36,"category_id":1,"bbox":[396,265,220.231,82.771],"area":18228.816,"segmentation":[[412.379,339.954,416.813,344.388,582.356,347.344,607.483,331.085,616.351,310.393,611.917,285.266,601.57,273.441,580.878,264.573,453.764,266.051,416.813,271.963,396.12,285.266,396.12,332.564,404.988,334.042,407.945,344.388,412.379,339.954]],"iscrowd":0},{"id":107,"image_id":37,"category_id":1,"bbox":[54,308,138.378,51.027],"area":7061.037,"segmentation":[[192,334.703,191.135,323.459,184.216,313.946,170.378,307.892,68.324,309.622,58.811,317.405,54.486,326.054,53.622,336.432,57.946,345.946,76.108,358.919,170.378,357.189,185.946,347.676,192,334.703]],"iscrowd":0},{"id":108,"image_id":37,"category_id":1,"bbox":[259,305,138.378,51.892],"area":7180.716,"segmentation":[[385.73,349.405,396.973,331.243,391.784,315.676,377.081,305.297,273.297,307.892,263.784,315.676,258.595,326.054,259.459,337.297,268.973,351.135,282.811,357.189,371.027,356.324,385.73,349.405]],"iscrowd":0},{"id":109,"image_id":37,"category_id":1,"bbox":[463,302,138.378,52.757],"area":7300.394,"segmentation":[[595.027,343.351,601.081,331.243,596.757,313.946,588.108,306.162,574.27,301.838,483.459,303.568,474.811,307.027,463.568,321.73,462.703,330.378,467.027,341.622,476.541,351.135,486.919,354.595,577.73,353.73,595.027,343.351]],"iscrowd":0},{"id":110,"image_id":38,"category_id":1,"bbox":[475,325,151.604,59.49],"area":9018.972,"segmentation":[[622.729,371.334,626.567,349.265,615.052,331.034,596.822,325.277,497.031,326.237,478.801,339.67,474.963,355.982,484.558,374.213,502.789,382.849,596.822,384.768,613.133,379.97,622.729,371.334]],"iscrowd":0},{"id":111,"image_id":38,"category_id":1,"bbox":[247,322,152.564,59.49],"area":9076.054,"segmentation":[[399.16,357.901,398.201,343.508,390.525,331.994,377.091,324.318,271.544,322.399,253.313,332.954,246.597,345.427,246.597,354.063,253.313,369.415,270.585,379.97,372.294,381.889,384.768,378.051,393.403,370.375,399.16,357.901]],"iscrowd":0},{"id":112,"image_id":38,"category_id":1,"bbox":[11,321,159.28,58.531],"area":9322.796,"segmentation":[[169.835,355.982,167.916,338.711,160.24,328.156,151.604,323.358,36.462,321.439,19.19,329.115,11.514,342.549,10.555,353.103,23.988,373.253,39.34,379.01,143.928,379.97,164.078,368.456,169.835,355.982]],"iscrowd":0},{"id":113,"image_id":39,"category_id":1,"bbox":[475,325,151.604,59.49],"area":9018.972,"segmentation":[[622.729,371.334,626.567,349.265,615.052,331.034,596.822,325.277,497.031,326.237,478.801,339.67,474.963,355.982,484.558,374.213,502.789,382.849,596.822,384.768,613.133,379.97,622.729,371.334]],"iscrowd":0},{"id":114,"image_id":39,"category_id":1,"bbox":[247,322,152.564,59.49],"area":9076.054,"segmentation":[[399.16,357.901,398.201,343.508,390.525,331.994,377.091,324.318,271.544,322.399,253.313,332.954,246.597,345.427,246.597,354.063,253.313,369.415,270.585,379.97,372.294,381.889,384.768,378.051,393.403,370.375,399.16,357.901]],"iscrowd":0},{"id":115,"image_id":39,"category_id":1,"bbox":[11,321,159.28,58.531],"area":9322.796,"segmentation":[[169.835,355.982,167.916,338.711,160.24,328.156,151.604,323.358,36.462,321.439,19.19,329.115,11.514,342.549,10.555,353.103,23.988,373.253,39.34,379.01,143.928,379.97,164.078,368.456,169.835,355.982]],"iscrowd":0},{"id":116,"image_id":40,"category_id":1,"bbox":[29,301,153.791,59.224],"area":9108.103,"segmentation":[[171.94,351.522,182.448,334.328,182.448,322.866,177.672,312.358,169.075,304.716,154.746,300.896,57.313,300.896,40.119,306.627,30.567,319.045,28.657,336.239,33.433,345.791,40.119,353.433,56.358,360.119,151.881,359.164,171.94,351.522]],"iscrowd":0},{"id":117,"image_id":40,"category_id":1,"bbox":[258,301,152.836,56.358],"area":8613.553,"segmentation":[[399.284,348.657,410.746,331.463,405.97,312.358,392.597,300.896,277.97,301.851,269.373,305.672,260.776,318.09,257.91,325.731,263.642,342.925,273.194,353.433,287.522,357.254,382.09,356.299,399.284,348.657]],"iscrowd":0},{"id":118,"image_id":40,"category_id":1,"bbox":[486,296,152.836,60.179],"area":9197.523,"segmentation":[[639.045,335.284,639.045,311.403,625.672,298.985,613.254,296.119,507.224,298.03,492.896,305.672,486.209,317.134,486.209,333.373,493.851,345.791,517.731,356.299,614.209,354.388,628.537,348.657,639.045,335.284]],"iscrowd":0},{"id":119,"image_id":41,"category_id":1,"bbox":[72,321,131.901,56.662],"area":7473.769,"segmentation":[[100.319,378.055,181.132,376.197,197.852,365.98,203.425,352.975,203.425,341.829,198.781,332.54,180.203,321.393,92.888,322.322,80.813,327.896,72.453,340.9,71.524,353.904,75.239,364.122,84.528,373.411,100.319,378.055]],"iscrowd":0},{"id":120,"image_id":41,"category_id":1,"bbox":[266,320,130.044,50.16],"area":6522.939,"segmentation":[[365.98,368.766,381.771,363.193,395.704,352.046,392.917,333.469,383.628,323.251,374.34,320.464,283.309,322.322,268.447,333.469,265.66,338.113,268.447,360.406,291.669,370.624,365.98,368.766]],"iscrowd":0},{"id":121,"image_id":41,"category_id":1,"bbox":[457,315,132.83,59.448],"area":7896.552,"segmentation":[[484.877,374.34,566.618,371.553,583.338,360.406,589.84,343.687,583.338,325.109,565.689,314.891,475.588,317.678,468.157,321.393,457.939,335.327,457.01,347.402,460.726,358.549,470.943,368.766,484.877,374.34]],"iscrowd":0},{"id":122,"image_id":42,"category_id":1,"bbox":[165,261,327.492,124.147],"area":40657.156,"segmentation":[[492.308,355.318,492.308,295.385,466.622,263.278,207.625,261.137,171.237,286.823,164.816,329.632,184.08,363.88,233.311,383.144,449.498,385.284,477.324,372.441,492.308,355.318]],"iscrowd":0},{"id":123,"image_id":43,"category_id":1,"bbox":[0,322,74.05,58.182],"area":4308.34,"segmentation":[[0,379.945,47.603,378.182,59.063,373.774,70.523,364.077,74.05,355.262,74.05,342.039,70.523,334.986,66.116,329.697,48.485,321.763,0,321.763,0,379.945]],"iscrowd":0},{"id":124,"image_id":43,"category_id":1,"bbox":[132,323,126.061,53.774],"area":6778.796,"segmentation":[[255.647,357.906,258.292,348.209,254.766,333.223,240.661,322.645,151.625,322.645,143.691,325.289,133.113,338.512,132.231,355.262,135.758,363.196,155.152,376.419,230.964,375.537,246.832,368.485,255.647,357.906]],"iscrowd":0},{"id":125,"image_id":43,"category_id":1,"bbox":[318,321,123.416,52.011],"area":6418.991,"segmentation":[[433.719,363.196,441.653,350.854,438.127,330.579,424.022,320.882,338.512,321.763,328.815,325.289,328.815,329.697,318.237,339.394,318.237,355.262,323.526,355.262,327.934,365.84,340.275,372.893,417.851,372.011,433.719,363.196]],"iscrowd":0},{"id":126,"image_id":43,"category_id":1,"bbox":[512,322,111.956,43.196],"area":4836.002,"segmentation":[[621.488,333.223,617.08,332.342,613.554,326.171,598.567,321.763,560.661,322.645,551.846,327.052,521.873,328.815,518.347,325.289,512.176,335.868,513.058,356.143,528.044,364.959,605.62,364.077,621.488,353.499,624.132,342.039,621.488,333.223]],"iscrowd":0},{"id":127,"image_id":44,"category_id":1,"bbox":[464,283,138.057,49.371],"area":6816.078,"segmentation":[[591.543,328.229,601.6,313.6,600.686,298.057,593.371,290.743,578.743,284.343,484.571,283.429,468.114,292.571,465.371,298.057,467.2,301.714,463.543,309.029,466.286,318.171,484.571,332.8,580.571,332.8,591.543,328.229]],"iscrowd":0},{"id":128,"image_id":44,"category_id":1,"bbox":[246,283,142.629,53.943],"area":7693.793,"segmentation":[[388.571,312.686,387.657,299.886,383.086,291.657,373.029,283.429,364.8,282.514,262.4,283.429,253.257,288,245.943,298.971,245.943,319.086,252.343,328.229,266.057,336.457,362.057,335.543,379.429,327.314,388.571,312.686]],"iscrowd":0},{"id":129,"image_id":44,"category_id":1,"bbox":[28,286,142.629,51.2],"area":7302.583,"segmentation":[[170.971,310.857,165.486,296.229,151.771,286.171,48.457,289.829,28.343,302.629,28.343,322.743,42.971,335.543,52.114,337.371,143.543,337.371,160,330.971,170.971,310.857]],"iscrowd":0}]}